<?xml version="1.0" encoding="utf-8"?>
<!DOCTYPE muclient>

<muclient>
<plugin
   name="Groupframe"
   author=""
   id="0ebc6399f291a9b93feaab7e"
   language="Lua"
   purpose="Group Vital Stats"
   date_written="2018-08-15 09:00"
   requires="4.40"
   version="2.0"
   save_state="y"
   >
<description trim="y">
<![CDATA[
Install this plugin to show bars with HP & Mana for group members
The window can be dragged to a new location with the mouse.
]]>
</description>

</plugin>

<!--  Triggers  -->


  <triggers>

    <trigger
     enabled="y"
     match="^(.*) has been removed from the group.$"
      regexp="y"
      script="reset_group_frame"
      sequence="100"
    >
    </trigger>

    <trigger
     enabled="y"
     match="^(.*) has left the group.$"
      regexp="y"
      script="reset_group_frame"
      sequence="100"
    >
    </trigger>

    <trigger
     enabled="y"
     match="^You have been removed from the group.$"
      regexp="y"
      script="reset_group_frame"
      sequence="100"
    >
    </trigger>

    <trigger
     enabled="y"
     match="^(.*) has joined the group.$"
      regexp="y"
      script="reset_group_frame"
      sequence="100"
    >
    </trigger>

    <trigger
     enabled="y"
     match="^(.*) has joined your group.$"
      regexp="y"
      script="reset_group_frame"
      sequence="100"
    >
    </trigger>
  </triggers>

  <!--  Script  -->


<script>
<![CDATA[
require "movewindow"
require "gauge"
require "gmcphelper"

local GAUGE_HEIGHT = 15
local WINDOW_WIDTH = 300
local WINDOW_HEIGHT = 210

local PLAYERNAME_COLOR = ColourNameToRGB "#D4AF37"
local HEALTHBAR_COLOR = ColourNameToRGB "green"
local MANABAR_COLOR = ColourNameToRGB "blue"
local RAGEBAR_COLOR = ColourNameToRGB "red"
local ENERGYBAR_COLOR = ColourNameToRGB "yellow"
local BACKGROUND_COLOR = ColourNameToRGB "black"
local FONT_COLOR = ColourNameToRGB "white"
local BORDER_COLOR = ColourNameToRGB "#C0C0C0"
local COMBAT_COLOR = ColourNameToRGB "red"

local player_name = {  }
--local filled_slots = { 0, 0, 0 }
--local hp, hpmax, mp, mpmax, en, enmax, rage, ragemax, combat = 0, 100, 0, 100, 0, 100, 0, 100, 0;
--local hp, hpmax, mp, mpmax, combat = { 0, 0, 0 }, { 100, 100, 100 }, { 0, 0, 0 }, { 100, 100, 100 }, { 0, 0, 0 }
local hp, hpmax, mp, mpmax, combat = {  }, {  }, {  }, {  }, {  }
 
 -- group.vitals {"combat":false,"hp":6690,"hpmax":6690,"mana":50,"mpmax":50,"name":"Tanktest","slot":1}
 
local function DoGauge (sPrompt, current, max, Colour)
  if max <= 0 then 
    return 
  end -- no divide by zero
  
  local Fraction = tonumber(current) / tonumber(max)

  WindowRectOp (win, 2, gauge_left, vertical, WINDOW_WIDTH - 5, vertical + GAUGE_HEIGHT, 
                          BACKGROUND_COLOR)  -- fill entire box
  
  local gauge_width = (WINDOW_WIDTH - gauge_left - 5) * Fraction
  
   -- box size must be > 0 or WindowGradient fills the whole thing 
  if math.floor (gauge_width) > 0 then
    
    -- top half
    WindowGradient (win, gauge_left, vertical, gauge_left + gauge_width, vertical + GAUGE_HEIGHT / 2, 
                    0x000000,
                    Colour, 2) 
    
    -- bottom half
    WindowGradient (win, gauge_left, vertical + GAUGE_HEIGHT / 2, 
                    gauge_left + gauge_width, vertical +  GAUGE_HEIGHT,   
                    Colour,
                    0x000000,
                    2) 

  end -- non-zero

  -- draw a box around it
  WindowRectOp (win, 1, gauge_left, vertical, WINDOW_WIDTH - 5, vertical + GAUGE_HEIGHT, BORDER_COLOR)  -- frame entire box
  
  -- draw text
  local barstring = current.."/"..max.." ("..(math.floor(Fraction*100)).."%)";
  local width = WindowTextWidth (win, font_id, barstring)
  WindowText(win, font_id, barstring, WINDOW_WIDTH/2 - width/2, vertical, 0, 0, FONT_COLOR, false);                           
  vertical = vertical + font_height + 3
end -- function DoGauge

function ReDrawGroupFrame ()
  -- fill entire box to clear it
  check (WindowRectOp (win, 2, 0, 0, 0, 0, BACKGROUND_COLOR))  -- fill entire box
  -- Edge around box rectangle
  check (WindowCircleOp (win, 3, 0, 0, 0, 0, BORDER_COLOR, 0, 2, 0, 1))

  vertical = 21  -- pixel to start at
  
  local ctr = 1
  for key, val in pairs(player_name) do
    if(player_name[key] ~= nil) then
      -- draw text
      local width = WindowTextWidth (win, font_id, player_name[key])
      WindowText(win, font_id, player_name[key], 5, 6+((ctr-1)*72), 0, 0, PLAYERNAME_COLOR, false);
      if(combat[key] ~= nil and combat[key] == 1) then
        WindowText(win, font_id, "(X)", width + 5, 6+((ctr-1)*72), 0, 0, COMBAT_COLOR, false);
      end
      ctr = ctr + 1

      if(hp[key] ~= nil and hpmax[key] ~= nil) then
          DoGauge ("Health",    hp[key] ,   hpmax[key],    HEALTHBAR_COLOR)
      end
      if(mp[key] ~= nil and mpmax[key] ~= nil) then
          DoGauge ("Mana",  mp[key],  mpmax[key],  MANABAR_COLOR)
      end

      vertical = vertical + (font_height * 2) + 6
      --DoGauge ("Energy",  en,  enmax,  ENERGYBAR_COLOR)
      --DoGauge ("Rage",  rage,  ragemax,  RAGEBAR_COLOR)
    end
  end
  

  WindowShow (win, true)
  
end -- function ReDrawGroupFrame

function reset_group_frame (name, line, wildcards)
  player_name = { }
  hp, hpmax, mp, mpmax, combat = { }, { }, { }, { }, { }
  ReDrawGroupFrame ()
end

function OnPluginInstall ()
  
  win = GetPluginID ()
  font_id = "fn"
  
  require "movewindow"  -- load the movewindow.lua module

  -- install the window movement handler, get back the window position
  windowinfo = movewindow.install (win, 7)  -- default to 7 (on right, center top/bottom)
                   
  font_name = "Fixedsys"    -- the font
    
  -- make miniwindow so I can grab the font info
  WindowCreate (win, 
                windowinfo.window_left,
                windowinfo.window_top,
                WINDOW_WIDTH, 
                WINDOW_HEIGHT,  
                windowinfo.window_mode,   
                windowinfo.window_flags,    
                BACKGROUND_COLOR)

  -- add the drag handler so they can move the window around
  movewindow.add_drag_handler (win, 0, 0, 0, 0)
                 
  WindowFont (win, font_id, font_name, 9)
  font_height = WindowFontInfo (win, font_id, 1)  -- height
  
  gauge_left = 5
  
  if GetVariable ("enabled") == "false" then
    ColourNote ("yellow", "", "Warning: Plugin " .. GetPluginName ().. " is currently disabled.")
    check (EnablePlugin(GetPluginID (), false))
  end -- they didn't enable us last time
 
end -- OnPluginInstall

function OnPluginBroadcast(msg, id, pname, text)
  if (id == "f67c4339ed0591a5b010d05b") and (pname == "MM_GMCP_handler") then
    if (text == "group.vitals") then
      get_gmcp_group()
      name = gmcpval("vitals.name") or nil
      if(name ~= nil) then
        player_name[name] = name
        hp[name] = tonumber(gmcpval("vitals.hp")) or hp[name]
        mp[name] = tonumber(gmcpval("vitals.mp")) or mp[name]
        hpmax[name] = tonumber(gmcpval("vitals.hpmax")) or hpmax[name]
        mpmax[name] = tonumber(gmcpval("vitals.mpmax")) or mpmax[name]
        combat[name] = tonumber(gmcpval("vitals.combat")) or combat[name]
      end
      ReDrawGroupFrame()
    --elseif (text == "char.maxstats") then
      --get_gmcp_char()
      --handle_my_max_vitals()
    elseif (text == "group.status") then
      get_gmcp_group()
      if(gmcpval("status.move") == "playermoved") then
        reset_group_frame()
      end
    end
  end
  
  if (id == "cb6469228f9f7e26129c1ebc") and (pname == "world_mini") then
    if(text == "reset_1080") then
      --Note("groupframe create left: " .. WindowInfo(win, 1))
      --Note("groupframe create top: " .. WindowInfo(win, 2))
      --Note("groupframe current left: " .. WindowInfo(win, 10))
      --Note("groupframe current top: " .. WindowInfo(win, 11))
      WindowPosition(win, 0, 523, 0, 2)
    end
    if(text == "reset_stack") then
      WindowPosition(win, 0, 0, 0, 2)
    end
  end
end

function OnPluginDisable ()
  WindowShow (win, false)
end -- OnPluginDisable

function OnPluginEnable ()
  WindowShow (win, true)
  
  -- draw gauge again if possible
  --if hp and hpmax and mp and mpmax and en and enmax and rage and ragemax and combat then
  if hp and hpmax and mp and mpmax and combat and player_name then
    ReDrawGroupFrame()
  end
end -- OnPluginEnable

function OnPluginSaveState ()
   -- save window current location for next time  
  movewindow.save_state (win)
  SetVariable ("enabled", tostring (GetPluginInfo (GetPluginID (), 17)))
end -- OnPluginSaveState

----------------
-- GMCP stuff
----------------

function get_gmcp_group()
  local res, gmcparg = CallPlugin("f67c4339ed0591a5b010d05b", "gmcpval", "group")
  luastmt = "gmcpdata = " .. gmcparg
  
  assert(loadstring(luastmt or ""))()
end
]]>
</script>

</muclient>