<?xml version="1.0" encoding="iso-8859-1"?>
<!DOCTYPE muclient>
<!-- Saved on Wednesday, July 23, 2014, 7:40 AM -->
<!-- MuClient version 4.92 -->

<!-- Plugin "world_mini" generated by Plugin Wizard -->

<muclient>

<plugin
   name="world_mini"
   author="Fiendish, Lasher, Ruthgul"
   id="cb6469228f9f7e26129c1ebc"
   language="Lua"
   purpose="World Miniwindow"
   date_written="2014-07-23 07:39:46"
   date_modified="2014-07-25 18:57:50"
   requires="4.71"
   version="1.0"
   save_state="y"
   >

<description trim="y">

<![CDATA[

.--------------.
 | world_mini |
`--------------'

Places the world into a miniwindow, for layout purposes.


Features:
- It retains the world window's original features.
- It can be resized and moved around the main world window
- It does not contain the other miniwindows (mapper, captures, events, etc.), so it can be placed in any position relative to them (top, bottom, left, right).


** REQUIRES **

- The file world_miniwindow.lua must be placed in the MUSHclient/lua directory.
- MUSHclient must have write access to its folder.


Syntax:

* reset main  - restores the default position and size


Plugin created by Ruthgul.
Miniwindow code adapted from Fiendish's / Lasher's similar plugin for Aardwolf.
This version maintained by Ruthgul,

Latest version:
http://github.com/mu3r73/mm-mushclient-scripts

]]>

</description>

</plugin>



<!--  Aliases  -->

<aliases>

  <alias
     enabled="y"
     regexp="y"
     match="^reset main$"
     script="reset_main"
    >
  </alias>


<!--  Plugin help  -->

  <alias
    enabled="y"
    ignore_case="y"
    regexp="y"
    match="^world\_mini(|( |\:)help)$"
    script="OnHelp"
  >
  </alias>

</aliases>



<!--  Scripts  -->

<script>

<![CDATA[

require "world_miniwindow"

-----------------
-- plugin stuff
-----------------

function OnPluginInstall()
  Tell("-- " .. GetPluginInfo(GetPluginID(), 1) .. ": type ")
  ColourTell("silver", "black", GetPluginInfo(GetPluginID(), 1) .. " help")
  Note(" to see info about this plugin --")

  do_Install()
end


function OnPluginSaveState()
  do_SaveState()
end


function OnPluginClose()
  do_Close()
end


function OnPluginDisable()
  do_Disable()
end


function OnPluginEnable()
  do_SaveState()
  do_Install()
end


function OnHelp()
  ColourNote("silver", "black", world.GetPluginInfo(world.GetPluginID(), 3))
  Note("")
  ColourNote("silver", "black", "(this version: " .. os.date("%c", GetPluginInfo(GetPluginID(), 14)) .. ")")
end


function plugin_update_url()
  local t = {
    "",
  }
  return (table.concat(t, ";"))
end


function plugin_update_aux_url()
  local t = {
    "",
  }
  return (table.concat(t, ";"))
end



----------------
-- other stuff
----------------

function reset_main()
  do_reset_main()
end

]]>

</script>

</muclient>
